Strain, DEL, DUP, INV
DL238,1842,144,182
ECA36,2807,201,220
ECA396,2742,186,217
EG4725,1509,163,170
JU1400,1336,153,133
JU2526,1837,162,166
JU2600,1200,139,122
JU310,1037,141,131
MY2147,1006,130,120
MY2693,990,133,140
NIC2,325,79,82
NIC526,1236,137,143
QX1794,1904,159,166
XZ1516,3076,159,246
