Strain, DEL-VEP, DUP-VEP, INV-VEP
DL238,157,22,
ECA36,218,27,
ECA396,256,23,
EG4725,142,17,
JU1400,105,12,
JU2526,173,23,1
JU2600,94,22,
JU310,96,14,
MY2147,105,19,
MY2693,85,8,
NIC2,25,6,
NIC526,117,19,
QX1794,157,25,
XZ1516,228,20,
